Closure,104011110
Closure,106011110
Closure,111011110
Closure,114011110
Closure,124011110
Closure,15011110
Closure,27011110
Closure,29011110
Closure,37011110
Closure,44011110
Closure,48011110
Closure,58011110
Closure,61011110
Closure,62011110
Closure,65011110
Closure,7011110
Closure,80111100
Closure,83011110
Closure,86011110
Closure,91011110
Closure,97011110
Lang,10111100
Lang,13011110
Lang,18011110
Lang,24011110
Lang,33011110
Lang,39011110
Lang,44011110
Lang,50111100
Lang,52011110
Math,21011110
Math,22011110
Math,25011110
Math,35011110
Math,45011110
Math,54011110
Math,63011110
Math,69011110
Math,78011110
Math,80111100
Time,1011110
Time,16011110
Time,4011110
Time,8011110
Closure,1011110
Closure,101011110
Closure,108011110
Closure,11011110
Closure,116011110
Closure,125011110
Closure,126011110
Closure,127011110
Closure,129011110
Closure,14011110
Closure,19011110
Closure,20111100
Closure,26011110
Closure,29011110
Closure,3011110
Closure,33011110
Closure,37011110
Closure,42011110
Closure,47011110
Closure,63011110
Closure,64011110
Closure,66011110
Closure,68011110
Closure,71011110
Closure,77011110
Closure,94011110
Lang,11011110
Lang,16011110
Lang,28011110
Lang,36011110
Lang,4011110
Lang,43011110
Lang,45011110
Lang,48011110
Lang,55011110
Lang,56011110
Lang,58011110
Lang,60111100
Lang,62011110
Lang,9011110
Math,10111100
Math,101111000
Math,104011110
Math,105011110
Math,106011110
Math,15011110
Math,18011110
Math,19011110
Math,21011110
Math,29011110
Math,3011110
Math,30111100
Math,34011110
Math,37011110
Math,4011110
Math,41011110
Math,42011110
Math,46011110
Math,49011110
Math,54011110
Math,56011110
Math,63011110
Math,67011110
Math,71011110
Math,78011110
Math,79011110
Math,80111100
Math,85011110
Math,98011110
Time,10111100
Time,13011110
Time,14011110
Time,2011110
Time,3011110
Time,5011110
Time,6011110
