Closure,105011110
Closure,119011110
Closure,120011110
Closure,128011110
Closure,130011110
Closure,132011110
Closure,31011110
Closure,39011110
Closure,52011110
Closure,59011110
Closure,70011110
Closure,73011110
Closure,76011110
Closure,82011110
Closure,92011110
Closure,93011110
Lang,1011110
Lang,2011110
Lang,21011110
Lang,26011110
Lang,27011110
Lang,29011110
Lang,38011110
Lang,42011110
Lang,47011110
Lang,49011110
Lang,51011110
Lang,54011110
Lang,57011110
Lang,59011110
Lang,6011110
Lang,62011110
Math,11011110
Math,2011110
Math,26011110
Math,27011110
Math,33011110
Math,39011110
Math,40011110
Math,43011110
Math,5011110
Math,53011110
Math,57011110
Math,59011110
Math,70011110
Math,72011110
Math,75011110
Math,94011110
Time,11011110
Time,19011110
Time,20011110
